order_id,store_lat,store_lng,customer_lat,customer_lng,distance_km
ORD1,45.3035536,-66.0303429,45.303075,-66.043208,1.008
ORD2,45.2398138,-68.6411548,45.264699,-68.669754,3.559
ORD3,45.724538,-65.52243299999999,45.726874,-65.520386,0.304
ORD4,44.967508,-64.92134159999999,44.938729,-64.915757,3.23
ORD5,47.99239439999999,-66.7043793,47.991565,-66.731487,2.019
ORD6,47.64015999999999,-65.677964,47.650705,-65.662647,1.641
ORD7,45.9424119,-66.6676549,45.930689,-66.717182,4.046
ORD8,47.1564588,-67.9353246,47.145137,-67.952255,1.796
ORD9,45.298902,-66.19659399999999,45.330367,-66.183445,3.647
ORD10,45.066241,-64.444566,45.048936,-64.45769,2.183
ORD11,46.109851,-64.8328439,46.099883,-64.855123,2.044
ORD12,45.248991,-66.102414,45.247495,-66.11862,1.28
ORD13,45.306843,-66.01580799999999,45.309702,-65.984894,2.438
ORD14,45.812949,-64.20078099999999,45.786329,-64.168025,3.9
ORD15,44.947923,-65.07089599999999,44.966451,-65.094325,2.765
ORD16,45.2542317,-66.09278809999999,45.26404,-66.085896,1.217
ORD17,46.0644206,-64.7999936,46.068301,-64.796027,0.529
ORD18,47.0547615,-67.74331149999999,47.051311,-67.745078,0.406
ORD19,47.382338,-68.337964,47.378752,-68.35769,1.538
ORD20,45.3119406,-66.0183825,45.332209,-65.988997,3.218
ORD21,45.978442,-66.658402,45.970163,-66.653263,1.003
ORD22,47.64015999999999,-65.677964,47.645571,-65.685673,0.834
ORD23,47.02979980000001,-65.4698707,47.046535,-65.4357,3.189
ORD24,46.1466544,-67.8413546,46.156041,-67.816255,2.197
ORD25,46.410663,-63.783577,46.404922,-63.786448,0.675
ORD26,48.00758500000001,-66.676251,48.021833,-66.654686,2.255
ORD27,47.3561069,-68.32367300000001,47.358356,-68.317563,0.524
ORD28,46.1658127,-67.5970005,46.156043,-67.623038,2.281
ORD29,45.6275876,-68.580753,45.620432,-68.564208,1.513
ORD30,45.06865699999999,-64.45646599999999,45.067401,-64.463078,0.538
ORD31,46.4553394,-67.6033268,46.455895,-67.592818,0.807
ORD32,45.1296523,-66.8327448,45.154657,-66.865296,3.775
ORD33,46.098381,-64.75831699999999,46.105458,-64.749146,1.058
ORD34,46.8723922,-68.0044139,46.898092,-67.995989,2.929
ORD35,46.21796699999999,-64.5610771,46.229623,-64.588182,2.455
ORD36,47.3561069,-68.32367300000001,47.336094,-68.308393,2.505
ORD37,46.85968399999999,-68.01617639999999,46.882701,-68.058039,4.084
ORD38,47.3751177,-68.3055316,47.401869,-68.289886,3.199
ORD39,46.70027460000001,-68.00742389999999,46.708565,-68.014259,1.059
ORD40,46.109851,-64.8328439,46.109456,-64.878383,3.511
ORD41,45.277478,-66.078104,45.270446,-66.097402,1.7
ORD42,46.1432075,-67.842293,46.140765,-67.846272,0.41
ORD43,46.7337608,-65.4281997,46.736803,-65.418013,0.847
ORD44,45.1235382,-67.351012,45.084886,-67.376858,4.753
ORD45,47.99239439999999,-66.7043793,47.973798,-66.719793,2.365
ORD46,44.976623,-63.505503,44.979005,-63.457711,3.769
ORD47,46.1466544,-67.8413546,46.185431,-67.865023,4.681
ORD48,47.3561069,-68.32367300000001,47.354853,-68.304979,1.415
ORD49,46.108463,-64.824478,46.094111,-64.822751,1.601
ORD50,44.9431522,-65.0687293,44.935118,-65.103137,2.852
ORD51,45.938516,-66.66214099999999,45.942601,-66.65626,0.643
ORD52,48.0662428,-66.3728005,48.059056,-66.357251,1.405
ORD53,46.7720606,-67.8347883,46.784414,-67.845877,1.612
ORD54,45.988222,-66.629223,45.98956,-66.632899,0.321
ORD55,46.410663,-63.783577,46.4049,-63.811889,2.263
ORD56,45.812949,-64.20078099999999,45.773476,-64.217391,4.574
ORD57,45.0730717,-67.0509312,45.068982,-67.044274,0.693
ORD58,44.9431522,-65.0687293,44.927121,-65.10855,3.606
ORD59,47.000941,-65.5666531,47.010683,-65.573215,1.192
ORD60,45.9424119,-66.6676549,45.944663,-66.671949,0.416
ORD61,46.112303,-64.775072,46.114606,-64.779446,0.423
ORD62,46.1466544,-67.8413546,46.149983,-67.786973,4.206
ORD63,45.9846659,-68.4494952,46.010749,-68.488519,4.183
ORD64,46.4553394,-67.6033268,46.469659,-67.593791,1.752
ORD65,46.7337608,-65.4281997,46.754323,-65.431695,2.302
ORD66,45.956611,-66.65685800000001,45.953832,-66.671568,1.178
ORD67,46.410663,-63.783577,46.414865,-63.809343,2.03
ORD68,47.521172,-64.911751,47.525075,-64.911875,0.434
ORD69,46.21796699999999,-64.5610771,46.216442,-64.553034,0.642
ORD70,44.9069441,-66.9968903,44.89647,-66.951156,3.786
ORD71,46.21796699999999,-64.5610771,46.188115,-64.557703,3.33
ORD72,46.9917932,-65.5722985,46.970196,-65.605628,3.487
ORD73,45.9322857,-65.17509009999999,45.935188,-65.19323,1.439
ORD74,46.8699144,-68.0046046,46.864755,-67.984963,1.6
ORD75,47.62754169999999,-65.6847799,47.619293,-65.704381,1.732
ORD76,45.1376395,-63.35880640000001,45.143586,-63.381694,1.913
ORD77,46.9149935,-67.83372039999999,46.918388,-67.875275,3.179
ORD78,46.1658127,-67.5970005,46.153895,-67.580419,1.84
ORD79,46.116841,-64.83407,46.117918,-64.84997,1.231
ORD80,47.1564588,-67.9353246,47.161525,-67.947211,1.061
ORD81,47.3561069,-68.32367300000001,47.35689,-68.37994,4.239
ORD82,46.09272,-64.757527,46.086286,-64.742368,1.371
ORD83,47.02979980000001,-65.4698707,46.994117,-65.473546,3.978
ORD84,46.7466423,-67.7132112,46.742038,-67.670987,3.258
ORD85,45.852139,-66.474214,45.866318,-66.490332,2.011
ORD86,46.0644206,-64.7999936,46.055595,-64.844882,3.6
ORD87,47.2500534,-68.599577,47.271679,-68.586834,2.59
ORD88,46.1750824,-67.6041304,46.173983,-67.60248,0.176
ORD89,45.9677844,-66.6307903,45.954987,-66.615663,1.842
ORD90,47.000941,-65.5666531,47.011509,-65.61325,3.724
ORD91,45.852139,-66.474214,45.873945,-66.468469,2.465
ORD92,45.31253,-66.02036199999999,45.343832,-66.045173,3.985
ORD93,47.64015999999999,-65.677964,47.667149,-65.671334,3.042
ORD94,45.306843,-66.01580799999999,45.307196,-66.011946,0.305
ORD95,48.00758500000001,-66.676251,47.996371,-66.6247,4.033
ORD96,47.99239439999999,-66.7043793,47.99225,-66.738052,2.506
ORD97,44.967544,-64.938549,44.974569,-64.941309,0.811
ORD98,45.391732,-65.969223,45.37761,-66.007674,3.389
ORD99,45.20426399999999,-67.2745071,45.194379,-67.244252,2.613
ORD100,47.777976,-64.991968,47.777596,-65.033568,3.109
ORD101,44.9060969,-68.6909704,44.931316,-68.708232,3.116
ORD102,46.09416900000001,-64.765811,46.084954,-64.772668,1.153
ORD103,46.1750824,-67.6041304,46.191216,-67.638668,3.208
ORD104,46.1658127,-67.5970005,46.158352,-67.592585,0.897
ORD105,46.2149106,-64.2695148,46.244733,-64.236236,4.189
ORD106,45.288915,-66.08182599999999,45.286663,-66.113318,2.476
ORD107,47.3561069,-68.32367300000001,47.321069,-68.312443,3.987
ORD108,45.1392771,-63.3496238,45.171938,-63.321368,4.254
ORD109,47.239189,-65.09532700000001,47.217996,-65.066532,3.206
ORD110,46.7466423,-67.7132112,46.750522,-67.731092,1.429
ORD111,45.306843,-66.01580799999999,45.317294,-65.98532,2.652
ORD112,47.1564588,-67.9353246,47.140216,-67.977081,3.638
ORD113,44.967508,-64.92134159999999,44.968977,-64.909705,0.93
ORD114,47.99239439999999,-66.7043793,47.97512,-66.708949,1.951
ORD115,45.954565,-66.645198,45.946589,-66.614533,2.531
ORD116,45.1235382,-67.351012,45.156524,-67.366036,3.853
ORD117,46.410663,-63.783577,46.407226,-63.815138,2.45
ORD118,45.29865969999999,-66.1968593,45.288063,-66.178765,1.842
ORD119,45.954565,-66.645198,45.947392,-66.647,0.81
ORD120,47.393669,-68.344015,47.399346,-68.362967,1.56
ORD121,46.4849207,-63.40414430000001,46.502809,-63.409773,2.035
ORD122,47.3953153,-68.34141509999999,47.413857,-68.32811,2.292
ORD123,45.31253,-66.02036199999999,45.342338,-66.032592,3.45
ORD124,47.1530633,-67.9302017,47.125197,-67.961612,3.905
ORD125,46.084098,-64.789332,46.087153,-64.813023,1.858
ORD126,47.239189,-65.09532700000001,47.216275,-65.122279,3.261
ORD127,44.947923,-65.07089599999999,44.956446,-65.058103,1.383
ORD128,45.3558273,-68.529918,45.347985,-68.552468,1.966
ORD129,45.9322857,-65.17509009999999,45.922631,-65.220417,3.666
ORD130,47.7924735,-64.6444577,47.801915,-64.682744,3.046
ORD131,44.993111,-64.128765,45.019474,-64.151118,3.418
ORD132,45.276829,-66.05403799999999,45.279782,-66.047914,0.581
ORD133,44.9069441,-66.9968903,44.899108,-66.965231,2.641
ORD134,47.2500534,-68.599577,47.27151,-68.582614,2.708
ORD135,46.1466544,-67.8413546,46.166089,-67.832009,2.278
ORD136,45.9424119,-66.6676549,45.933367,-66.701022,2.769
ORD137,45.288304,-66.028791,45.270615,-65.993224,3.408
ORD138,45.954565,-66.645198,45.947518,-66.629722,1.43
ORD139,46.464673,-64.735761,46.456914,-64.690489,3.573
ORD140,47.6304154,-65.6651717,47.622749,-65.643088,1.862
ORD141,45.3558273,-68.529918,45.325761,-68.536305,3.38
ORD142,46.0283938,-65.0326755,45.998649,-65.032273,3.308
ORD143,45.9424119,-66.6676549,45.955127,-66.678136,1.63
ORD144,45.725971,-65.5321773,45.691904,-65.57186,4.883
ORD145,47.1530633,-67.9302017,47.152222,-67.931375,0.129
ORD146,45.1235382,-67.351012,45.140994,-67.314825,3.439
ORD147,45.993063,-66.651268,46.000975,-66.670457,1.724
ORD148,47.1530633,-67.9302017,47.160239,-67.921532,1.033
ORD149,45.9424119,-66.6676549,45.962044,-66.706207,3.694
ORD150,45.725971,-65.5321773,45.742267,-65.563776,3.049
